username,password_hash
user1,0a041b9462caa4a31bac3567e0b6e6fd9100787db2ab433d96f6d178cabfce90
user2,6025d18fe48abd45168528f18a82e265dd98d421a7084aa09f61b341703901a3
test_0_v65qiu,ef92b778bafe771e89245b89ecbc08a44a4e166c06659911881f383d4473e94f
test_0_7vEqfv,ef92b778bafe771e89245b89ecbc08a44a4e166c06659911881f383d4473e94f
test_3_poRbj0,ef92b778bafe771e89245b89ecbc08a44a4e166c06659911881f383d4473e94f
test_2_hrnanO,ef92b778bafe771e89245b89ecbc08a44a4e166c06659911881f383d4473e94f
test_7_CQIpdM,ef92b778bafe771e89245b89ecbc08a44a4e166c06659911881f383d4473e94f
test_6_3V5KPk,ef92b778bafe771e89245b89ecbc08a44a4e166c06659911881f383d4473e94f
test_8_vBC1IL,ef92b778bafe771e89245b89ecbc08a44a4e166c06659911881f383d4473e94f
test_2_FKgvRn,ef92b778bafe771e89245b89ecbc08a44a4e166c06659911881f383d4473e94f
test_0_xrkrF3,ef92b778bafe771e89245b89ecbc08a44a4e166c06659911881f383d4473e94f
test_4_IfHqR4,ef92b778bafe771e89245b89ecbc08a44a4e166c06659911881f383d4473e94f
test_7_LpMMYD,ef92b778bafe771e89245b89ecbc08a44a4e166c06659911881f383d4473e94f
test_8_XiXj6s,ef92b778bafe771e89245b89ecbc08a44a4e166c06659911881f383d4473e94f
test_9_JpZ7BH,ef92b778bafe771e89245b89ecbc08a44a4e166c06659911881f383d4473e94f
test_13_9dKzKd,ef92b778bafe771e89245b89ecbc08a44a4e166c06659911881f383d4473e94f
test_10_wNwSTd,ef92b778bafe771e89245b89ecbc08a44a4e166c06659911881f383d4473e94f
test_12_X464ep,ef92b778bafe771e89245b89ecbc08a44a4e166c06659911881f383d4473e94f
test_16_HzrCXU,ef92b778bafe771e89245b89ecbc08a44a4e166c06659911881f383d4473e94f
test_17_PQYpjl,ef92b778bafe771e89245b89ecbc08a44a4e166c06659911881f383d4473e94f
test_14_WRE2Go,ef92b778bafe771e89245b89ecbc08a44a4e166c06659911881f383d4473e94f
test_15_AFpReV,ef92b778bafe771e89245b89ecbc08a44a4e166c06659911881f383d4473e94f
test_18_uF5ryP,ef92b778bafe771e89245b89ecbc08a44a4e166c06659911881f383d4473e94f
test_19_A8ZlAg,ef92b778bafe771e89245b89ecbc08a44a4e166c06659911881f383d4473e94f
test_6_yzUzWk,ef92b778bafe771e89245b89ecbc08a44a4e166c06659911881f383d4473e94f
test_1_P1wyMW,ef92b778bafe771e89245b89ecbc08a44a4e166c06659911881f383d4473e94f
test_2_kQ8nwT,ef92b778bafe771e89245b89ecbc08a44a4e166c06659911881f383d4473e94f
test_8_RzK0e0,ef92b778bafe771e89245b89ecbc08a44a4e166c06659911881f383d4473e94f
test_10_g8oRIK,ef92b778bafe771e89245b89ecbc08a44a4e166c06659911881f383d4473e94f
test_12_vdYVA6,ef92b778bafe771e89245b89ecbc08a44a4e166c06659911881f383d4473e94f
test_13_rP5tjm,ef92b778bafe771e89245b89ecbc08a44a4e166c06659911881f383d4473e94f
test_14_EUdVTQ,ef92b778bafe771e89245b89ecbc08a44a4e166c06659911881f383d4473e94f
test_15_5zadJj,ef92b778bafe771e89245b89ecbc08a44a4e166c06659911881f383d4473e94f
test_16_exQCUJ,ef92b778bafe771e89245b89ecbc08a44a4e166c06659911881f383d4473e94f
test_18_TlRAe5,ef92b778bafe771e89245b89ecbc08a44a4e166c06659911881f383d4473e94f
test_17_GHYbiR,ef92b778bafe771e89245b89ecbc08a44a4e166c06659911881f383d4473e94f
test_19_vZTaHV,ef92b778bafe771e89245b89ecbc08a44a4e166c06659911881f383d4473e94f
test_22_Sw8X8h,ef92b778bafe771e89245b89ecbc08a44a4e166c06659911881f383d4473e94f
test_21_K0mhQq,ef92b778bafe771e89245b89ecbc08a44a4e166c06659911881f383d4473e94f
test_23_htrqPW,ef92b778bafe771e89245b89ecbc08a44a4e166c06659911881f383d4473e94f
test_27_J5HeHF,ef92b778bafe771e89245b89ecbc08a44a4e166c06659911881f383d4473e94f
test_26_Iiu9uH,ef92b778bafe771e89245b89ecbc08a44a4e166c06659911881f383d4473e94f
test_24_0NYc4P,ef92b778bafe771e89245b89ecbc08a44a4e166c06659911881f383d4473e94f
test_28_lnB2F7,ef92b778bafe771e89245b89ecbc08a44a4e166c06659911881f383d4473e94f
test_33_zM2waW,ef92b778bafe771e89245b89ecbc08a44a4e166c06659911881f383d4473e94f
test_29_L1S9cl,ef92b778bafe771e89245b89ecbc08a44a4e166c06659911881f383d4473e94f
test_31_bshnpE,ef92b778bafe771e89245b89ecbc08a44a4e166c06659911881f383d4473e94f
test_49_YDRY2V,ef92b778bafe771e89245b89ecbc08a44a4e166c06659911881f383d4473e94f
test_37_xRc6Ua,ef92b778bafe771e89245b89ecbc08a44a4e166c06659911881f383d4473e94f
test_30_Vo9OQQ,ef92b778bafe771e89245b89ecbc08a44a4e166c06659911881f383d4473e94f
test_40_eacLLd,ef92b778bafe771e89245b89ecbc08a44a4e166c06659911881f383d4473e94f
test_41_a6iCYl,ef92b778bafe771e89245b89ecbc08a44a4e166c06659911881f383d4473e94f
test_39_dXYTDd,ef92b778bafe771e89245b89ecbc08a44a4e166c06659911881f383d4473e94f
test_42_5I0BCA,ef92b778bafe771e89245b89ecbc08a44a4e166c06659911881f383d4473e94f
test_35_f3YEzI,ef92b778bafe771e89245b89ecbc08a44a4e166c06659911881f383d4473e94f
test_44_oBGdYy,ef92b778bafe771e89245b89ecbc08a44a4e166c06659911881f383d4473e94f
test_36_HbaPPa,ef92b778bafe771e89245b89ecbc08a44a4e166c06659911881f383d4473e94f
test_43_cR9rfF,ef92b778bafe771e89245b89ecbc08a44a4e166c06659911881f383d4473e94f
test_34_9EWmls,ef92b778bafe771e89245b89ecbc08a44a4e166c06659911881f383d4473e94f
test_0_Wu9bqc,ef92b778bafe771e89245b89ecbc08a44a4e166c06659911881f383d4473e94f
test_2_FH69u6,ef92b778bafe771e89245b89ecbc08a44a4e166c06659911881f383d4473e94f
test_4_rYbHtn,ef92b778bafe771e89245b89ecbc08a44a4e166c06659911881f383d4473e94f
test_4_VUjlau,ef92b778bafe771e89245b89ecbc08a44a4e166c06659911881f383d4473e94f
test_3_xB9HjV,ef92b778bafe771e89245b89ecbc08a44a4e166c06659911881f383d4473e94f
test_0_2rtXqU,ef92b778bafe771e89245b89ecbc08a44a4e166c06659911881f383d4473e94f
test_8_GpDY3b,ef92b778bafe771e89245b89ecbc08a44a4e166c06659911881f383d4473e94f
test_7_4amSvF,ef92b778bafe771e89245b89ecbc08a44a4e166c06659911881f383d4473e94f
test_9_qwjrg8,ef92b778bafe771e89245b89ecbc08a44a4e166c06659911881f383d4473e94f
test_4_ErvanA,ef92b778bafe771e89245b89ecbc08a44a4e166c06659911881f383d4473e94f
test_3_lUwCqM,ef92b778bafe771e89245b89ecbc08a44a4e166c06659911881f383d4473e94f
test_5_mTgHhr,ef92b778bafe771e89245b89ecbc08a44a4e166c06659911881f383d4473e94f
test_8_zzIcBn,ef92b778bafe771e89245b89ecbc08a44a4e166c06659911881f383d4473e94f
test_2_7NgP2V,ef92b778bafe771e89245b89ecbc08a44a4e166c06659911881f383d4473e94f
test_7_EGISwE,ef92b778bafe771e89245b89ecbc08a44a4e166c06659911881f383d4473e94f
test_6_6VP3Vv,ef92b778bafe771e89245b89ecbc08a44a4e166c06659911881f383d4473e94f
test_15_SfXMeE,ef92b778bafe771e89245b89ecbc08a44a4e166c06659911881f383d4473e94f
test_11_zfP46W,ef92b778bafe771e89245b89ecbc08a44a4e166c06659911881f383d4473e94f
test_10_J38IBo,ef92b778bafe771e89245b89ecbc08a44a4e166c06659911881f383d4473e94f
test_12_idbJny,ef92b778bafe771e89245b89ecbc08a44a4e166c06659911881f383d4473e94f
test_17_gnesIS,ef92b778bafe771e89245b89ecbc08a44a4e166c06659911881f383d4473e94f
test_19_0aPwwM,ef92b778bafe771e89245b89ecbc08a44a4e166c06659911881f383d4473e94f
test_18_3rlEHx,ef92b778bafe771e89245b89ecbc08a44a4e166c06659911881f383d4473e94f
test_16_pusgsW,ef92b778bafe771e89245b89ecbc08a44a4e166c06659911881f383d4473e94f
test_0_tqSpVh,ef92b778bafe771e89245b89ecbc08a44a4e166c06659911881f383d4473e94f
test_1_JoCzlb,ef92b778bafe771e89245b89ecbc08a44a4e166c06659911881f383d4473e94f
test_2_dYEwjA,ef92b778bafe771e89245b89ecbc08a44a4e166c06659911881f383d4473e94f
test_5_yelbwf,ef92b778bafe771e89245b89ecbc08a44a4e166c06659911881f383d4473e94f
test_10_JhINef,ef92b778bafe771e89245b89ecbc08a44a4e166c06659911881f383d4473e94f
test_8_I6jMtw,ef92b778bafe771e89245b89ecbc08a44a4e166c06659911881f383d4473e94f

test_7_ag3f76,ef92b778bafe771e89245b89ecbc08a44a4e166c06659911881f383d4473e94f
test_13_vFAMmf,ef92b778bafe771e89245b89ecbc08a44a4e166c06659911881f383d4473e94f
test_15_G5R2NQ,ef92b778bafe771e89245b89ecbc08a44a4e166c06659911881f383d4473e94f
test_18_mNLBIT,ef92b778bafe771e89245b89ecbc08a44a4e166c06659911881f383d4473e94f
test_9_F6pld5,ef92b778bafe771e89245b89ecbc08a44a4e166c06659911881f383d4473e94f
test_20_uOVVCk,ef92b778bafe771e89245b89ecbc08a44a4e166c06659911881f383d4473e94f
test_14_FPPEIM,ef92b778bafe771e89245b89ecbc08a44a4e166c06659911881f383d4473e94f
test_19_C6HUbW,ef92b778bafe771e89245b89ecbc08a44a4e166c06659911881f383d4473e94f
test_17_KVTfoB,ef92b778bafe771e89245b89ecbc08a44a4e166c06659911881f383d4473e94f
test_21_YVZXmA,ef92b778bafe771e89245b89ecbc08a44a4e166c06659911881f383d4473e94f
test_23_I7mSDR,ef92b778bafe771e89245b89ecbc08a44a4e166c06659911881f383d4473e94f
test_24_Oe0tOy,ef92b778bafe771e89245b89ecbc08a44a4e166c06659911881f383d4473e94f
test_26_WLQWeN,ef92b778bafe771e89245b89ecbc08a44a4e166c06659911881f383d4473e94f
test_28_m2gUIX,ef92b778bafe771e89245b89ecbc08a44a4e166c06659911881f383d4473e94f
test_29_LoeSba,ef92b778bafe771e89245b89ecbc08a44a4e166c06659911881f383d4473e94f
test_30_gaJ9KJ,ef92b778bafe771e89245b89ecbc08a44a4e166c06659911881f383d4473e94f
test_32_q7PSMt,ef92b778bafe771e89245b89ecbc08a44a4e166c06659911881f383d4473e94f
test_31_Ct65P6,ef92b778bafe771e89245b89ecbc08a44a4e166c06659911881f383d4473e94f
test_34_cpLJzE,ef92b778bafe771e89245b89ecbc08a44a4e166c06659911881f383d4473e94f
test_36_b67cUW,ef92b778bafe771e89245b89ecbc08a44a4e166c06659911881f383d4473e94f
test_35_wWdFkS,ef92b778bafe771e89245b89ecbc08a44a4e166c06659911881f383d4473e94f
test_37_bjLtU4,ef92b778bafe771e89245b89ecbc08a44a4e166c06659911881f383d4473e94f
test_38_sgptTA,ef92b778bafe771e89245b89ecbc08a44a4e166c06659911881f383d4473e94f
test_40_ENtZqZ,ef92b778bafe771e89245b89ecbc08a44a4e166c06659911881f383d4473e94f
test_39_aJejDW,ef92b778bafe771e89245b89ecbc08a44a4e166c06659911881f383d4473e94f
test_42_pZdOuG,ef92b778bafe771e89245b89ecbc08a44a4e166c06659911881f383d4473e94f
test_43_DxMhAS,ef92b778bafe771e89245b89ecbc08a44a4e166c06659911881f383d4473e94f
test_44_lUip3g,ef92b778bafe771e89245b89ecbc08a44a4e166c06659911881f383d4473e94f
test_45_DYztE9,ef92b778bafe771e89245b89ecbc08a44a4e166c06659911881f383d4473e94f
test_46_o4HFDs,ef92b778bafe771e89245b89ecbc08a44a4e166c06659911881f383d4473e94f
test_48_ErQt5W,ef92b778bafe771e89245b89ecbc08a44a4e166c06659911881f383d4473e94f
test_49_lUtiAX,ef92b778bafe771e89245b89ecbc08a44a4e166c06659911881f383d4473e94f
test_47_7hyUbA,ef92b778bafe771e89245b89ecbc08a44a4e166c06659911881f383d4473e94f
test_1_byIn6x,ef92b778bafe771e89245b89ecbc08a44a4e166c06659911881f383d4473e94f
test_3_ckZH0Y,ef92b778bafe771e89245b89ecbc08a44a4e166c06659911881f383d4473e94f
test_1_Fe3syJ,ef92b778bafe771e89245b89ecbc08a44a4e166c06659911881f383d4473e94f
test_6_oLBBBm,ef92b778bafe771e89245b89ecbc08a44a4e166c06659911881f383d4473e94f
test_7_zyBbiD,ef92b778bafe771e89245b89ecbc08a44a4e166c06659911881f383d4473e94f
test_3_gjAz7M,ef92b778bafe771e89245b89ecbc08a44a4e166c06659911881f383d4473e94f
test_5_admzcB,ef92b778bafe771e89245b89ecbc08a44a4e166c06659911881f383d4473e94f
test_9_g30mog,ef92b778bafe771e89245b89ecbc08a44a4e166c06659911881f383d4473e94f
test_8_If9FpT,ef92b778bafe771e89245b89ecbc08a44a4e166c06659911881f383d4473e94f
test_4_ACTOny,ef92b778bafe771e89245b89ecbc08a44a4e166c06659911881f383d4473e94f
test_0_EjKawG,ef92b778bafe771e89245b89ecbc08a44a4e166c06659911881f383d4473e94f
test_2_UwjrD3,ef92b778bafe771e89245b89ecbc08a44a4e166c06659911881f383d4473e94f
test_7_E2QrLO,ef92b778bafe771e89245b89ecbc08a44a4e166c06659911881f383d4473e94f
test_6_56HbwO,ef92b778bafe771e89245b89ecbc08a44a4e166c06659911881f383d4473e94f
test_0_xa9Rbw,ef92b778bafe771e89245b89ecbc08a44a4e166c06659911881f383d4473e94f
test_5_HtaGXU,ef92b778bafe771e89245b89ecbc08a44a4e166c06659911881f383d4473e94f
test_1_WYevNQ,ef92b778bafe771e89245b89ecbc08a44a4e166c06659911881f383d4473e94f
test_8_7RVSyP,ef92b778bafe771e89245b89ecbc08a44a4e166c06659911881f383d4473e94f
test_7_u8gFw3,ef92b778bafe771e89245b89ecbc08a44a4e166c06659911881f383d4473e94f
test_9_GIYzmx,ef92b778bafe771e89245b89ecbc08a44a4e166c06659911881f383d4473e94f
test_4_P95aGj,ef92b778bafe771e89245b89ecbc08a44a4e166c06659911881f383d4473e94f
test_5_z3tnYq,ef92b778bafe771e89245b89ecbc08a44a4e166c06659911881f383d4473e94f
test_0_BvD2rE,ef92b778bafe771e89245b89ecbc08a44a4e166c06659911881f383d4473e94f
test_6_7wGTwO,ef92b778bafe771e89245b89ecbc08a44a4e166c06659911881f383d4473e94f
test_0_ZOUzId,ef92b778bafe771e89245b89ecbc08a44a4e166c06659911881f383d4473e94f
test_2_CTwEiu,ef92b778bafe771e89245b89ecbc08a44a4e166c06659911881f383d4473e94f
test_5_LL8q9S,ef92b778bafe771e89245b89ecbc08a44a4e166c06659911881f383d4473e94f
test_8_7Ej0y2,ef92b778bafe771e89245b89ecbc08a44a4e166c06659911881f383d4473e94f
test_9_RLLcVN,ef92b778bafe771e89245b89ecbc08a44a4e166c06659911881f383d4473e94f
test_0_iJdi1x,ef92b778bafe771e89245b89ecbc08a44a4e166c06659911881f383d4473e94f
test_2_yOn3rW,ef92b778bafe771e89245b89ecbc08a44a4e166c06659911881f383d4473e94f
test_6_HiHhZf,ef92b778bafe771e89245b89ecbc08a44a4e166c06659911881f383d4473e94f
test_7_r2IeUH,ef92b778bafe771e89245b89ecbc08a44a4e166c06659911881f383d4473e94f
test_4_k3aQfo,ef92b778bafe771e89245b89ecbc08a44a4e166c06659911881f383d4473e94f
test_4_tAdCqB,ef92b778bafe771e89245b89ecbc08a44a4e166c06659911881f383d4473e94f
test_2_dcndx7,ef92b778bafe771e89245b89ecbc08a44a4e166c06659911881f383d4473e94f
test_3_qUOLUK,ef92b778bafe771e89245b89ecbc08a44a4e166c06659911881f383d4473e94f
test_0_2rgaaf,ef92b778bafe771e89245b89ecbc08a44a4e166c06659911881f383d4473e94f
test_8_h3BDC6,ef92b778bafe771e89245b89ecbc08a44a4e166c06659911881f383d4473e94f
user3,5860faf02b6bc6222ba5aca523560f0e364ccd8b67bee486fe8bf7c01d492ccb
user4,5269ef980de47819ba3d14340f4665262c41e933dc92c1a27dd5d01b047ac80e
